ali taei zadeh,ali taeizadeh
andreas götz,andreas goetz
andrey kolesnikov,andrei kolesnikov
annette südmeyer,annette suedmeyer
anton arnautov,artem arnautov
aristeidis lamprianidis,aristeidis lambrianidis
artem arnautov,anton arnautov
arthur carindal n'guessan,arthur carindal n’guessan
carsten brückner,carsten brueckner
constanze bürger,constanze buerger
cristian harisis sevcenco,cristian - harisis sevcenco
cristobal lopez cañas,cristobal loper cañas
einar lönn,einar lonn,einar loenn
eric andrei băleanu,eric andrei baleanu
ersin Özerden,ersin oezerden
fahad al shirawi,fahad alshirawi
faik farmanov,faig farmanov
feras bakkour,feras bakour
fredy künzler,fredy kuenzler
george michaelson,george michealson
gilles massen,gilles mathe
hamudi kabha,hamodi kabha
hannaneh haji seyyed javadi,hannaneh haji seyed javadi
henrik kramshøj,henrik kramshoej
henry schäfer,henry schaefer
holger bürger,holger buerger
ionut-eugen sandu,ionut eugen sandu
irina daneliya,irina danelia
james reilly,james reily
jean-michel berrafato,jeanmichel berrafato
joão luis silva damas,joão  luis silva damas
johan ihrén,johan ihren
katrina readshaw,katrina readsahw
kseniya sokol,kseniia sokol
maksym tulyev,maksym tuliev
maria häll,maria hall
maria isabel gandía carriedo,maria isabel gandia carriedo,maria isabel gandia
markus de brün,markus de bruen
martin semrád,martin semrad
mick o'donovan,mick o’donovan
mirjam kühne,mirjam kuehne,mirjam kuhne
mirko mirkovic,mirko mirković
moritz müller,moritz mueller
niall o'reilly,niall o’reilly
osama al-dosary,osama aldosary
penelope o'leary,penelope o’leary
peter steinhäuser,peter steinhaeuser
petr novák,petr novak
pierre-yves maunier,pierre yves maunier
piotr aniol,piotr anioł
piotr strzyżewski,piotr strzyzewski
radu-adrian feurdean,radu adrian feurdean
rebecca stanic,rebecca stanić
rossella mattioli,rossella nattioli
sandra brás,sandra bras
sandro di giacomo,sandro di  giacomo
sergey chumak,serhii chumak
snezana stefanovski pajovic,snezana stefanovski
sofya sushkina,sofia sushkina
suzan al khadra,suzan alkhadra
suzan alkhadra,suzan al khadra
suzanne taylor,suzanne taylor muzzin
taras heichenko,taras geychenko
tobias küttner,tobias kuettner
udo zumdick,udo zumdck
virgil truica,virgil turica
wilfried wöber,wilfried woeber
yong kim,yong k
Ólafur guðmundsson,Ólafur gudmundsson
